{"xs": ["share of teams constituted as circles", "share short tern leave", "involuntary headcount change (FTE)"], "vals": [[389.22716627634674, 12.606341840680582, -20.740169622205094], [269.79415988511255, -8.310439560439562, 12.208171206225686]], "years": [2022, 2023]}